,Molecule ChEMBL ID,Smiles
0,CHEMBL568312,[O-][n+]1onc2ccc(/C=C/[S+]([O-])c3ccccc3)cc21
1,CHEMBL3347276,C=CCNC(=S)N/N=C\c1ccccc1OCc1ccc2c(c1)=[N+]([O-])C(C)(C)[N+]=2[O-]
2,CHEMBL3347366,CC1(C)[N+]([O-])=c2ccc(COc3ccccc3/C=N\NC(=N)N)cc2=[N+]1[O-]
3,CHEMBL3347331,CC1(C)[N+]([O-])=c2ccc(COc3ccc(/C=N/NC(N)=O)cc3)cc2=[N+]1[O-]
4,CHEMBL3347321,CC1(C)[N+]([O-])=c2ccc(COc3ccc(/C=N/NC(=S)Nc4ccccc4)cc3)cc2=[N+]1[O-]
5,CHEMBL570547,Cc1cccc(C(=O)OCC(=O)Nc2cc(Cl)ccc2Cl)c1
6,CHEMBL550694,Nc1ncccc1C(=O)OCC(=O)NC1CCCCCC1
7,CHEMBL562106,CCC(NC(=O)COC(=O)c1cccnc1N)c1ccc(Br)cc1
8,CHEMBL455668,Cc1ccc(/C=N/Nc2nccc(C(F)(F)F)n2)cc1
9,CHEMBL462539,Cc1cc(C(F)(F)F)nc(N/N=C/c2ccc(Cl)cc2)n1
10,CHEMBL344174,N#CCNC(=O)[C@H](Cc1ccccc1)NC(=O)OCc1ccccc1
11,CHEMBL4215936,CCOC(=O)/C=C\CNC(=O)[C@H](Cc1ccccc1)NC(=O)OCc1ccccc1
12,CHEMBL3629563,C/C(=N\N=C1\SC(C)C(=O)N1c1ccccc1)c1ccc(Cl)c(Cl)c1
13,CHEMBL3347367,NC(=S)N/N=C\c1ccccc1OCc1ccc2no[n+]([O-])c2c1
14,CHEMBL3347359,C=CCNC(=S)N/N=C/c1cccc(OCc2ccc3no[n+]([O-])c3c2)c1
15,CHEMBL3347304,C=CCNC(=S)N/N=C/c1ccc(OCc2ccc3no[n+]([O-])c3c2)cc1
16,CHEMBL2180346,CCC1S/C(=N/N=C(\C)COc2ccccc2)N(c2ccc(C)cc2)C1=O
17,CHEMBL3347373,CC1(C)[N+]([O-])=c2ccc(COc3ccccc3/C=N\NC(=S)Nc3ccccc3)cc2=[N+]1[O-]
18,CHEMBL3347314,C=CCNC(=S)N/N=C/c1ccc(OCc2ccc3c(c2)=[N+]([O-])C(C)(C)[N+]=3[O-])cc1
19,CHEMBL3347315,[O-][n+]1onc2ccc(COc3ccc(/C=N/NC(=S)Nc4ccccc4)cc3)cc21
20,CHEMBL1082216,O=C(N[C@H](/C=C/S(=O)(=O)c1ccccc1)CCc1ccccc1)c1ccccc1C(=O)c1ccc(Cl)cc1
21,CHEMBL3629562,C/C(=N\N=C1\SCC(=O)N1c1ccccc1)c1ccc(Cl)c(Cl)c1
22,CHEMBL514956,COc1cc2c(cc1OC)/C(=N/NC(N)=S)CC2
23,CHEMBL1914484,NC(=S)N/N=C1\CCc2ccc([N+](=O)[O-])cc21
24,CHEMBL391827,O=S(=O)(/C=C\c1ccc2c(c1)no[n+]2[O-])c1ccccc1
25,CHEMBL274715,CCOC(=O)[C@@H]1O[C@H]1[C@@H](O)[C@H](CCc1ccccc1)NC(=O)[C@H](Cc1ccccc1)NC(=O)OCc1ccccc1
26,CHEMBL249814,CCOC(=O)[C@H]1O[C@H]1C(=O)[C@H](CCc1ccccc1)NC(=O)[C@H](Cc1ccccc1)NC(=O)OCc1ccccc1
27,CHEMBL313679,CC/C(=N\N=C(\N)S)c1cccc(Br)c1
28,CHEMBL1276197,NC(=S)N/N=C/CSc1ccccc1
29,CHEMBL1276198,CC1S/C(=N/N=C/CCSc2ccccc2)NC1=O
30,CHEMBL1276300,O=C1CS/C(=N/N=C/CSc2ccc(Cl)cc2)N1
31,CHEMBL1277145,CCC1S/C(=N/N=C(\C)CSc2ccc(S)cc2)NC1=O
32,CHEMBL313679,CC/C(=N\N=C(\N)S)c1cccc(Br)c1
33,CHEMBL4244085,CCOC(=O)/C=C/C=C/C(=O)[C@H](CCc1ccccc1)NC(=O)[C@H](Cc1ccccc1)NC(=O)N1CCOCC1
34,CHEMBL3629559,CCC1S/C(=N/N=C(\C)c2ccc(Cl)c(Cl)c2)N(C)C1=O
35,CHEMBL4247963,O=C(/C=C/[C@@H](O)[C@H](CCc1ccccc1)NC(=O)[C@H](Cc1ccccc1)NC(=O)OCc1ccccc1)NCc1ccccc1
36,CHEMBL1078779,Cc1nc(-c2cnccn2)sc1C(=O)N[C@H](/C=C/S(=O)(=O)c1ccccc1)CCc1ccccc1
37,CHEMBL3613577,CC(C)c1ccc(OC/C(=N\NC(N)=S)c2ccc(Br)cc2)cc1
38,CHEMBL3613591,NC(=S)N/N=C(\COc1ccc(-c2ccccc2)cc1)c1ccc(Br)cc1
39,CHEMBL474727,COc1ccc2c(c1OC)CC/C2=N\NC(N)=S
40,CHEMBL2180331,C/C(COc1ccccc1)=N\Nc1nc(-c2ccc(Cl)c(Cl)c2Cl)cs1
41,CHEMBL2180351,C/C(COc1ccccc1)=N\Nc1nc(-c2cccnc2)cs1
42,CHEMBL3220745,c1ccc(N/C(=N/Cc2ccco2)N2CCNCC2)cc1
43,CHEMBL568312,[O-][n+]1onc2ccc(/C=C/[S+]([O-])c3ccccc3)cc21
44,CHEMBL2064842,Cc1ccc(-c2csc(N/N=C3\CCc4cc(C)ccc43)n2)cc1
45,CHEMBL3623844,Cc1ccc(OCCSc2nc3ccccc3n2CC(=O)O)c(C)c1
46,CHEMBL3121910,C/C(=N\NC(N)=S)C(C)Oc1cccc2ccccc12
47,CHEMBL474331,COc1cccc2c1CC/C2=N\NC(N)=S
48,CHEMBL1241726,Clc1ccc2c(NCCCN3CCOCC3)ccnc2c1
49,CHEMBL4096598,Cl.c1ccc(CNCc2cc3ccccc3[nH]2)cc1
50,CHEMBL4091574,O=C(CN1CCc2ccccc2C1)Nc1ccccc1
51,CHEMBL4246909,CCOC(=O)/C=C/[C@@H](O)[C@H](C)NC(=O)[C@H](Cc1ccccc1)NC(=O)OCc1ccccc1
52,CHEMBL2420113,NC(=S)N/N=C(\COC(=O)CCC(=O)O)c1ccc([N+](=O)[O-])cc1
53,CHEMBL2420105,C/C(=N\NC(N)=S)c1cccc(N)c1
54,CHEMBL3827125,C=CCN1C(=O)C(CC(=O)O)S/C1=N\c1sc2c(c1C(=O)OC(C)C)CCCC2
55,CHEMBL3828647,CCOC(=O)c1c(/N=c2\scc(-c3ccccc3)n2-c2ccccc2)sc2c1CCCC2
56,CHEMBL3827142,CCOC(=O)c1c(NC(=S)Nc2ccccc2)sc2c1CCCC2
57,CHEMBL3828686,C=CCN1C(=O)C(C(=O)OCC)S/C1=N\c1sc2c(c1C(=O)OCC)CCCC2
58,CHEMBL3827939,C=CCn1c(-c2ccccc2)cs/c1=N\c1sc2c(c1C(=O)OC(C)C)CCCC2
59,CHEMBL3827522,CCOC(=O)c1c(/N=C2\SC(C(=O)OCC)C(=O)N2c2ccccc2)sc2c1CCCC2
60,CHEMBL1292,CC(C)/N=c1\cc2n(-c3ccc(Cl)cc3)c3ccccc3nc-2cc1Nc1ccc(Cl)cc1
61,CHEMBL1916946,COc1cc2c(cc1OC)/C(=N/NC(=S)Nc1ccc(Cl)cc1)CC2
62,CHEMBL2064835,Cc1ccc(-c2csc(N/N=C3\CCc4c(C)cccc43)n2)cc1
63,CHEMBL1276255,CCC1S/C(=N/N=C/CSc2ccc(Br)cc2)NC1=O
64,CHEMBL3827939,C=CCn1c(-c2ccccc2)cs/c1=N\c1sc2c(c1C(=O)OC(C)C)CCCC2
65,CHEMBL3828195,C=CCN1C(=O)C(CC(=O)O)S/C1=N\c1sc2c(c1C(=O)OCC)CCCC2
66,CHEMBL2180332,C/C(COc1ccccc1)=N\Nc1nc(-c2ccc(C(C)(C)C)cc2)cs1
67,CHEMBL568619,COc1ccc(C(=O)/C=C/c2ccc3no[n+]([O-])c3c2)cc1
68,CHEMBL249810,CCOC(=O)[C@H]1O[C@H]1[C@H](O)[C@H](CCc1ccccc1)NC(=O)[C@H](Cc1ccccc1)NC(=O)OCc1ccccc1
69,CHEMBL1079106,Cc1onc(-c2ccc(F)cc2)c1C(=O)N[C@H](/C=C/S(=O)(=O)c1ccccc1)CCc1ccccc1
70,CHEMBL110,O=C(Cn1ccnc1[N+](=O)[O-])NCc1ccccc1
71,CHEMBL528696,Clc1ccc2c(NCc3ccccc3)ccnc2c1
72,CHEMBL148139,Clc1ccc2c(NCCN3CCOCC3)ccnc2c1
73,CHEMBL4069647,CN1CCN(CC(=O)Nc2ccc(Cl)cc2)CC1
74,CHEMBL238428,[O-][n+]1onc2cc(/C=C\[S+]([O-])c3ccccc3)ccc21
75,CHEMBL226536,[O-][n+]1onc2cc(/C=C\c3ccccc3)ccc21
76,CHEMBL577708,O=C(/C=C/c1ccc2no[n+]([O-])c2c1)c1ccccc1
77,CHEMBL453633,O=[N+]([O-])c1ccc(/C=N/Nc2nccc(C(F)(F)F)n2)cc1
78,CHEMBL4247707,CCOC(=O)/C=C/C(=O)[C@@H](CCc1ccccc1)NC(=O)[C@H](Cc1ccccc1)NC(=O)N1CCOCC1
79,CHEMBL4247707,CCOC(=O)/C=C/C(=O)[C@@H](CCc1ccccc1)NC(=O)[C@H](Cc1ccccc1)NC(=O)N1CCOCC1
80,CHEMBL4244656,CCOC(=O)/C=C/C(=O)[C@H](CC(C)C)NC(=O)[C@H](Cc1ccccc1)NC(=O)OCc1ccccc1
81,CHEMBL4245127,CCOC(=O)/C=C/C(=O)[C@H](CCc1ccccc1)NC(=O)[C@H](CC(C)C)NC(=O)OCc1ccccc1
82,CHEMBL4164826,C/C(=N\Nc1nc(-c2ccc3ccccc3c2)cs1)c1ccc(Cl)c(Cl)c1
83,CHEMBL2180344,C/C(COc1ccccc1)=N\N=C1\SC(c2ccccc2)C(=S)N1c1ccccc1
84,CHEMBL2064837,COc1cccc2c1CC/C2=N\Nc1nc(-c2ccc(Cl)cc2)cs1
85,CHEMBL2064837,COc1cccc2c1CC/C2=N\Nc1nc(-c2ccc(Cl)cc2)cs1
86,CHEMBL565655,[O-][n+]1onc2ccc(/C=C\Sc3ccccc3)cc21
87,CHEMBL227002,[O-][n+]1onc2cc(/C=C/c3ccccc3)ccc21
88,CHEMBL3233099,Cc1ccccc1OCCNCCc1nc2ccccc2[nH]1
89,CHEMBL3233110,Nc1ccccc1NC(=O)CCNC(=O)COc1ccccc1[N+](=O)[O-]
90,CHEMBL568488,O=S(=O)(/C=C/c1ccc2no[n+]([O-])c2c1)c1ccccc1
91,CHEMBL565655,[O-][n+]1onc2ccc(/C=C\Sc3ccccc3)cc21
92,CHEMBL2064836,Cc1cccc2c1CC/C2=N\Nc1nc(-c2ccc(Cl)cc2)cs1
93,CHEMBL474332,COc1ccc2c(c1)/C(=N/NC(N)=S)CC2
94,CHEMBL241622,[O-][n+]1onc2cc(/C=C/Sc3ccccc3)ccc21
95,CHEMBL226536,[O-][n+]1onc2cc(/C=C\c3ccccc3)ccc21
96,CHEMBL1276231,CC1S/C(=N/N=C/CSc2ccccc2)NC1=O
97,CHEMBL1276197,NC(=S)N/N=C/CSc1ccccc1
98,CHEMBL1277144,CCC1S/C(=N/N=C(\C)CSc2ccc(C)cc2)NC1=O
99,CHEMBL91704,CN1CCN(C(=O)N[C@@H](Cc2ccccc2)C(=O)N[C@H](/C=C/S(=O)(=O)c2ccccc2)CCc2ccccc2)CC1
100,CHEMBL510327,Cc1ccccc1/C=N/Nc1nccc(C(F)(F)F)n1
101,CHEMBL453634,COc1ccccc1/C=N/Nc1nc(C)cc(C(F)(F)F)n1
102,CHEMBL568613,O=S(=O)(/C=C\c1ccc2no[n+]([O-])c2c1)c1ccc(F)cc1
103,CHEMBL552244,Nc1ncccc1C(=O)NCC(=O)NC1CCCCC1
104,CHEMBL560043,Nc1ccccc1-c1nnc(C(=O)Nc2cc(-c3cccs3)[nH]n2)o1
105,CHEMBL554709,NC(=O)c1ccsc1NC(=O)COC(=O)c1cc(Br)ccc1N
106,CHEMBL2158131,COc1cc(/C=N/NC(=O)c2nc(-c3ccc(F)cc3)no2)ccc1O
107,CHEMBL2158237,COc1ccc(-c2noc(C(=O)N/N=C/c3ccc4c(c3)OCO4)n2)cc1
108,CHEMBL568312,[O-][n+]1onc2ccc(/C=C/[S+]([O-])c3ccccc3)cc21
109,CHEMBL4279254,CC(C)C[C@H](NC(=O)OC(C)(C)C)C(=O)N1CCC[C@@H]1C(=O)N1[C@@H](C(=O)OCc2ccccc2)[C@@H]1C(=O)OCc1ccccc1
110,CHEMBL2064842,Cc1ccc(-c2csc(N/N=C3\CCc4cc(C)ccc43)n2)cc1
111,CHEMBL2064832,COc1cc2c(cc1OC)/C(=N/Nc1nc(-c3ccc(C)cc3)cs1)CC2
112,CHEMBL2158234,O=C(N/N=C/c1ccc2c(c1)OCO2)c1nc(-c2ccc(Br)cc2)no1
113,CHEMBL1078778,Cc1nc(-c2cccnc2)sc1C(=O)N[C@H](/C=C/S(=O)(=O)c1ccccc1)CCc1ccccc1
114,CHEMBL1078981,O=C(N[C@H](/C=C/S(=O)(=O)c1ccccc1)CCc1ccccc1)c1cc(-c2ccncc2)no1
115,CHEMBL3827864,CCOC(=O)c1c(/N=C2\SC(CC(=O)O)C(=O)N2c2ccccc2)sc2c1CCCC2
116,CHEMBL3826981,CC(C)OC(=O)c1c(/N=C2\SC(CC(=O)O)C(=O)N2c2ccccc2)sc2c1CCCC2
117,CHEMBL3828113,CC(C)OC(=O)c1c(/N=c2\scc(-c3ccccc3)n2-c2ccccc2)sc2c1CCCC2
118,CHEMBL568619,COc1ccc(C(=O)/C=C/c2ccc3no[n+]([O-])c3c2)cc1
119,CHEMBL568613,O=S(=O)(/C=C\c1ccc2no[n+]([O-])c2c1)c1ccc(F)cc1
120,CHEMBL3104704,O=C1/C(=C/c2ccc(Cn3cc(CCO)nn3)cc2)CC/C1=C\c1ccc(Cn2cc(CCO)nn2)cc1
121,CHEMBL274993,O=C1/C(=C/c2ccccc2)CCC/C1=C\c1ccccc1
122,CHEMBL2158233,O=C(N/N=C/c1ccc2c(c1)OCO2)c1nc(-c2ccc(Cl)cc2)no1
123,CHEMBL2158135,COc1cc(/C=N/NC(=O)c2nc(-c3ccc(O)cc3)no2)ccc1O
124,CHEMBL2158130,COc1cc(/C=N/NC(=O)c2nc(-c3ccc(C)cc3)no2)ccc1O
125,CHEMBL2158138,Cc1ccc(-c2noc(C(=O)N/N=C/c3ccc4c(c3)OCO4)n2)cc1
126,CHEMBL2158132,COc1cc(/C=N/NC(=O)c2nc(-c3ccc(Cl)cc3)no2)ccc1O
127,CHEMBL3827672,CCOC(=O)c1c(/N=C2\SCC(=O)N2c2ccccc2)sc2c1CCCC2
128,CHEMBL2180353,C/C(COc1ccccc1)=N\Nc1nc(-c2ccc(C)cc2)cs1
129,CHEMBL90512,C/C(=N\N=C(\N)S)c1ccc(Cl)c(Cl)c1
130,CHEMBL1276302,Cc1ccc(SC/C=N/N=C2\NC(=S)C(C)S2)cc1
131,CHEMBL1277057,CCC1S/C(=N/N=C(\C)CSc2ccc(Cl)cc2)NC1=O
132,CHEMBL1276253,CC1S/C(=N/N=C/CCSc2ccc(Cl)cc2)NC1=O
133,CHEMBL1276231,CC1S/C(=N/N=C/CSc2ccccc2)NC1=O
134,CHEMBL1276302,Cc1ccc(SC/C=N/N=C2\NC(=S)C(C)S2)cc1
135,CHEMBL2180664,CCC1S/C(=N/N=C(\C)COc2ccccc2)NC1=O
136,CHEMBL2180344,C/C(COc1ccccc1)=N\N=C1\SC(c2ccccc2)C(=S)N1c1ccccc1
137,CHEMBL2180341,CCC1S/C(=N/N=C(\C)COc2ccccc2)N(c2ccccc2)C1=O
138,CHEMBL274993,O=C1/C(=C/c2ccccc2)CCC/C1=C\c1ccccc1
139,CHEMBL3104701,O=C1/C(=C/c2cccc3cnccc23)CCC/C1=C\c1cccc2cnccc12
140,CHEMBL2180323,COc1ccc(-c2csc(N/N=C(\C)COc3ccccc3)n2)cc1
141,CHEMBL3220737,[O-][n+]1onc2ccc(CN3CCN(/C(=N/c4ccccc4)Nc4ccccc4)CC3)cc21
142,CHEMBL3220741,CC1(C)[N+]([O-])=c2ccc(CN3CCN(/C(=N/c4ccccc4)NCc4ccco4)CC3)cc2=[N+]1[O-]
143,CHEMBL3121909,C/C(=N\NC(N)=S)C(C)Oc1ccc(Oc2ccccc2)cc1
144,CHEMBL374508,CC(C)C[C@H](NC(=O)[C@H]1O[C@@H]1C(=O)O)C(=O)NCCCCN=C(N)N
145,CHEMBL391827,O=S(=O)(/C=C\c1ccc2c(c1)no[n+]2[O-])c1ccccc1
146,CHEMBL391827,O=S(=O)(/C=C\c1ccc2c(c1)no[n+]2[O-])c1ccccc1
147,CHEMBL238429,O=S(=O)(/C=C/c1ccc2c(c1)no[n+]2[O-])c1ccccc1
148,CHEMBL2417578,NC(=S)N/N=C(\CNC(=O)CCC(=O)O)c1ccc([N+](=O)[O-])cc1
149,CHEMBL249810,CCOC(=O)[C@H]1O[C@H]1[C@H](O)[C@H](CCc1ccccc1)NC(=O)[C@H](Cc1ccccc1)NC(=O)OCc1ccccc1
150,CHEMBL238429,O=S(=O)(/C=C/c1ccc2c(c1)no[n+]2[O-])c1ccccc1
151,CHEMBL3221949,NC(=[Se])N/N=C/c1cccc(Br)c1
152,CHEMBL3329516,C/C(=N\Nc1nc(-c2ccc(Br)cc2)cs1)c1ccccn1
153,CHEMBL3329517,C/C(=N\Nc1nc(-c2ccc(Br)cc2)c(C)s1)c1ccccn1
154,CHEMBL3329524,C/C(=N\Nc1nc(-c2ccc3ccccc3c2)cs1)c1ccccn1
155,CHEMBL3329510,Clc1ccc(-c2csc(N/N=C/c3ccccn3)n2)cc1
156,CHEMBL4172011,C/C(=N\Nc1nc(-c2ccc(Cl)c(Cl)c2Cl)cs1)c1ccc(Cl)c(Cl)c1
157,CHEMBL4161411,C/C(=N\Nc1nc(-c2ccc(Br)cc2)cs1)c1ccc(Cl)c(Cl)c1
158,CHEMBL452599,FC(F)(F)c1ccnc(N/N=C/c2ccccc2)n1
159,CHEMBL460049,C=CCNC(=S)N/N=C/c1ccc2no[n+]([O-])c2c1
160,CHEMBL2180340,C/C(COc1ccccc1)=N\N=C1\SC(C)C(=O)N1c1ccccc1
161,CHEMBL2180345,CCC1S/C(=N/N=C(\C)COc2ccccc2)NC1=S
162,CHEMBL3221951,NC(=[Se])N/N=C/c1cccc(C(F)(F)F)c1
163,CHEMBL2297590,C/C(=N/NC(N)=S)c1cccc(Br)c1
164,CHEMBL3121903,C/C(=N\NC(N)=S)C(C)Oc1ccc(Br)cc1
165,CHEMBL227002,[O-][n+]1onc2cc(/C=C/c3ccccc3)ccc21
166,CHEMBL238428,[O-][n+]1onc2cc(/C=C\[S+]([O-])c3ccccc3)ccc21
167,CHEMBL238428,[O-][n+]1onc2cc(/C=C\[S+]([O-])c3ccccc3)ccc21
168,CHEMBL568613,O=S(=O)(/C=C\c1ccc2no[n+]([O-])c2c1)c1ccc(F)cc1
169,CHEMBL3220736,[O-][n+]1onc2ccc(CN3CCN(/C(=N/c4ccccc4)NCc4ccccc4)CC3)cc21
170,CHEMBL3220745,c1ccc(N/C(=N/Cc2ccco2)N2CCNCC2)cc1
171,CHEMBL3221948,C/C(=N\NC(N)=[Se])c1cccc(Br)c1
172,CHEMBL3221948,C/C(=N\NC(N)=[Se])c1cccc(Br)c1
173,CHEMBL3787039,C/C(=N\Nc1nc(-c2ccccc2)c(C)s1)c1ccc(Cl)c(Cl)c1
174,CHEMBL3786279,C/C(=N\Nc1nc(-c2ccc(F)cc2)cs1)c1ccc(Cl)c(Cl)c1
175,CHEMBL4160354,C/C(=N\Nc1nc(-c2cccc([N+](=O)[O-])c2)cs1)c1ccc(Cl)c(Cl)c1
176,CHEMBL3827142,CCOC(=O)c1c(NC(=S)Nc2ccccc2)sc2c1CCCC2
177,CHEMBL3827672,CCOC(=O)c1c(/N=C2\SCC(=O)N2c2ccccc2)sc2c1CCCC2
178,CHEMBL3827174,C=CCn1c(C)c(C(=O)OCC)s/c1=N\c1sc2c(c1C(=O)OCC)CCCC2
179,CHEMBL3828195,C=CCN1C(=O)C(CC(=O)O)S/C1=N\c1sc2c(c1C(=O)OCC)CCCC2
180,CHEMBL374508,CC(C)C[C@H](NC(=O)[C@H]1O[C@@H]1C(=O)O)C(=O)NCCCCN=C(N)N
181,CHEMBL3827307,CC(C)OC(=O)c1c(/N=C2\SCC(=O)N2c2ccccc2)sc2c1CCCC2
182,CHEMBL3827174,C=CCn1c(C)c(C(=O)OCC)s/c1=N\c1sc2c(c1C(=O)OCC)CCCC2
183,CHEMBL374508,CC(C)C[C@H](NC(=O)[C@H]1O[C@@H]1C(=O)O)C(=O)NCCCCN=C(N)N
184,CHEMBL3827142,CCOC(=O)c1c(NC(=S)Nc2ccccc2)sc2c1CCCC2
185,CHEMBL3827307,CC(C)OC(=O)c1c(/N=C2\SCC(=O)N2c2ccccc2)sc2c1CCCC2
186,CHEMBL3827174,C=CCn1c(C)c(C(=O)OCC)s/c1=N\c1sc2c(c1C(=O)OCC)CCCC2
187,CHEMBL3827125,C=CCN1C(=O)C(CC(=O)O)S/C1=N\c1sc2c(c1C(=O)OC(C)C)CCCC2
188,CHEMBL3828647,CCOC(=O)c1c(/N=c2\scc(-c3ccccc3)n2-c2ccccc2)sc2c1CCCC2
189,CHEMBL3827943,C=CCn1c(C)c(C(=O)OCC)s/c1=N\c1sc2c(c1C(=O)OC(C)C)CCCC2
190,CHEMBL2064832,COc1cc2c(cc1OC)/C(=N/Nc1nc(-c3ccc(C)cc3)cs1)CC2
191,CHEMBL2064835,Cc1ccc(-c2csc(N/N=C3\CCc4c(C)cccc43)n2)cc1
192,CHEMBL2064844,Cc1ccc(-c2csc(N/N=C3\CCc4ccc(C)cc43)n2)cc1
193,CHEMBL2064835,Cc1ccc(-c2csc(N/N=C3\CCc4c(C)cccc43)n2)cc1
194,CHEMBL2064844,Cc1ccc(-c2csc(N/N=C3\CCc4ccc(C)cc43)n2)cc1
195,CHEMBL3221949,NC(=[Se])N/N=C/c1cccc(Br)c1
196,CHEMBL4286203,CC(C)C[C@H](NC(=O)OC(C)(C)C)C(=O)N1CCC[C@@H]1C(=O)N1C(C(=O)OCCc2ccccc2)C1C(=O)OCCc1ccccc1
197,CHEMBL4290945,CCOC(=O)C1C(C(=O)O)N1C(=O)[C@H]1CCCN1C(=O)[C@H](CC(C)C)NC(=O)OC(C)(C)C
198,CHEMBL4242138,CCOC(=O)/C=C/C(=O)[C@H](CCc1ccccc1)NC(=O)[C@H](Cc1ccccc1)NC(=O)N1CCOCC1
199,CHEMBL4249898,CCOC(=O)/C=C/[C@H](O)[C@H](CCc1ccccc1)C(=O)N[C@@H](Cc1ccccc1)C(=O)OC
200,CHEMBL1173694,O=C(COc1ccccc1Br)NCCc1nc2ccccc2[nH]1
201,CHEMBL3233087,CC(=O)Nc1ccccc1OCC(=O)NCCc1nc2ccccc2[nH]1
202,CHEMBL3233090,O=C(COc1cccc2ccccc12)NCCc1nc2ccccc2[nH]1
203,CHEMBL1310061,Cc1ccccc1OCC(=O)NCCC(=O)O
204,CHEMBL3233103,O=C(COc1ccc2ccccc2c1Br)NCCc1c[nH]c2ccccc12
205,CHEMBL3233111,O=C(COc1ccccc1Cl)NCCc1cnc[nH]1
206,CHEMBL3233113,Cc1ccccc1OCC(=O)NCCc1nc2ccccc2o1
207,CHEMBL2064836,Cc1cccc2c1CC/C2=N\Nc1nc(-c2ccc(Cl)cc2)cs1
208,CHEMBL4276873,CC(C)C[C@H](NC(=O)OC(C)(C)C)C(=O)N1CCC[C@@H]1C(=O)N1C(C(=O)OCC2CCCCC2)C1C(=O)OCC1CCCCC1
209,CHEMBL604281,CN(C#N)N(C)C(=O)[C@H](Cc1ccccc1)NC(=O)OCc1ccccc1
210,CHEMBL4204523,CCOC(=O)/C=C/CNC(=O)[C@H](Cc1ccccc1)NC(=O)OCc1ccccc1
211,CHEMBL459639,NC(=O)N/N=C/c1ccc(OCc2ccc3no[n+]([O-])c3c2)cc1
212,CHEMBL4291838,CCOC(=O)C1C(C(=O)OCc2ccccc2)N1C(=O)[C@H]1CCCN1C(=O)[C@H](CC(C)C)NC(=O)OC(C)(C)C
213,CHEMBL1276228,O=C1CS/C(=N/N=C/C=C/c2ccccc2)N1
214,CHEMBL1277144,CCC1S/C(=N/N=C(\C)CSc2ccc(C)cc2)NC1=O
215,CHEMBL1276231,CC1S/C(=N/N=C/CSc2ccccc2)NC1=O
216,CHEMBL1276229,NC(=S)N/N=C/CCc1ccccc1
217,CHEMBL1276230,NC(=S)N/N=C/C=C/c1ccccc1
218,CHEMBL1276301,Cc1ccc(SC/C=N/N=C2\NC(=O)C(C)S2)cc1
219,CHEMBL1276228,O=C1CS/C(=N/N=C/C=C/c2ccccc2)N1
220,CHEMBL241624,[O-][n+]1onc2cc(/C=C/[S+]([O-])c3ccccc3)ccc21
221,CHEMBL4280696,CC(C)C[C@H](NC(=O)OC(C)(C)C)C(=O)N1CCC[C@@H]1C(=O)N1C(C(=O)OCc2ccccc2)C1C(=O)OCc1ccc2ccccc2c1
222,CHEMBL3221952,NC(=[Se])NN=C(c1cccc(Br)c1)c1cccc(Br)c1
223,CHEMBL3221953,CCCC/C(=N/NC(N)=[Se])c1ccc(Cl)c(Cl)c1
224,CHEMBL2297590,C/C(=N/NC(N)=S)c1cccc(Br)c1
225,CHEMBL3221952,NC(=[Se])NN=C(c1cccc(Br)c1)c1cccc(Br)c1
226,CHEMBL4558626,O=C(O)CCc1nc2ccccc2[nH]c1=O
227,CHEMBL238429,O=S(=O)(/C=C/c1ccc2c(c1)no[n+]2[O-])c1ccccc1
228,CHEMBL241624,[O-][n+]1onc2cc(/C=C/[S+]([O-])c3ccccc3)ccc21
229,CHEMBL391827,O=S(=O)(/C=C\c1ccc2c(c1)no[n+]2[O-])c1ccccc1
230,CHEMBL238429,O=S(=O)(/C=C/c1ccc2c(c1)no[n+]2[O-])c1ccccc1
231,CHEMBL226536,[O-][n+]1onc2cc(/C=C\c3ccccc3)ccc21
232,CHEMBL241622,[O-][n+]1onc2cc(/C=C/Sc3ccccc3)ccc21
233,CHEMBL1079067,O=C(N[C@H](/C=C/S(=O)(=O)c1ccccc1)CCc1ccccc1)c1cc(-c2cccnc2)no1
234,CHEMBL2180327,C/C(COc1ccccc1)=N\Nc1nc(-c2ccc([N+](=O)[O-])cc2)cs1
235,CHEMBL565655,[O-][n+]1onc2ccc(/C=C\Sc3ccccc3)cc21
236,CHEMBL2064843,Cc1ccc2c(c1)/C(=N/Nc1nc(-c3ccccc3)cs1)CC2
237,CHEMBL2064829,Cc1ccc(-c2csc(N/N=C3\CCc4ccccc43)n2)cc1
238,CHEMBL2064832,COc1cc2c(cc1OC)/C(=N/Nc1nc(-c3ccc(C)cc3)cs1)CC2
239,CHEMBL2064837,COc1cccc2c1CC/C2=N\Nc1nc(-c2ccc(Cl)cc2)cs1
240,CHEMBL2064829,Cc1ccc(-c2csc(N/N=C3\CCc4ccccc43)n2)cc1
241,CHEMBL2064843,Cc1ccc2c(c1)/C(=N/Nc1nc(-c3ccccc3)cs1)CC2
242,CHEMBL3220742,c1ccc(CC/N=C(/Nc2ccccc2)N2CCNCC2)cc1
243,CHEMBL1078675,Cc1nc(-c2ccccc2)sc1C(=O)N[C@H](/C=C/S(=O)(=O)c1ccccc1)CCc1ccccc1
244,CHEMBL460048,NC(=S)N/N=C/c1ccc2no[n+]([O-])c2c1
245,CHEMBL3233086,Nc1ccccc1OCC(=O)NCCc1nc2ccccc2[nH]1
246,CHEMBL3233089,O=C(COc1ccc(Br)cc1)NCCc1nc2ccccc2[nH]1
247,CHEMBL3233108,Cc1ccccc1OCC(=O)NCCC(=O)Nc1ccccc1O
248,CHEMBL3233115,C=CCCn1c(CCNC(=O)COc2ccccc2Cl)nc2ccccc21
249,CHEMBL3233116,CC(=O)n1c(CCNC(=O)COc2ccc(Br)cc2)nc2ccccc21
250,CHEMBL418661,CC(C)CCNC(=O)[C@H](CC(C)C)NC(=O)[C@H]1O[C@@H]1C(=O)O
251,CHEMBL2064844,Cc1ccc(-c2csc(N/N=C3\CCc4ccc(C)cc43)n2)cc1
252,CHEMBL2064834,Cc1cccc2c1CC/C2=N\Nc1nc(-c2ccccc2)cs1
253,CHEMBL1276197,NC(=S)N/N=C/CSc1ccccc1
254,CHEMBL1276229,NC(=S)N/N=C/CCc1ccccc1
255,CHEMBL1276255,CCC1S/C(=N/N=C/CSc2ccc(Br)cc2)NC1=O
256,CHEMBL3221953,CCCC/C(=N/NC(N)=[Se])c1ccc(Cl)c(Cl)c1
257,CHEMBL541696,Nc1ncccc1C(=O)OCC(=O)Nc1cc(Cl)ccc1Cl
258,CHEMBL2064834,Cc1cccc2c1CC/C2=N\Nc1nc(-c2ccccc2)cs1
259,CHEMBL2064843,Cc1ccc2c(c1)/C(=N/Nc1nc(-c3ccccc3)cs1)CC2
260,CHEMBL541696,Nc1ncccc1C(=O)OCC(=O)Nc1cc(Cl)ccc1Cl
261,CHEMBL1277057,CCC1S/C(=N/N=C(\C)CSc2ccc(Cl)cc2)NC1=O
262,CHEMBL1277145,CCC1S/C(=N/N=C(\C)CSc2ccc(S)cc2)NC1=O
263,CHEMBL563022,Nc1ncccc1C(=O)OCC(=O)Nc1ccc2c(c1)OCCO2
264,CHEMBL2036339,O=C1/C(=C/c2ccncc2)CC/C1=C\c1ccncc1
265,CHEMBL2158133,COc1cc(/C=N/NC(=O)c2nc(-c3ccc(Br)cc3)no2)ccc1O
266,CHEMBL226536,[O-][n+]1onc2cc(/C=C\c3ccccc3)ccc21
267,CHEMBL274715,CCOC(=O)[C@@H]1O[C@H]1[C@@H](O)[C@H](CCc1ccccc1)NC(=O)[C@H](Cc1ccccc1)NC(=O)OCc1ccccc1
268,CHEMBL249815,CCOC(=O)[C@@H]1O[C@@H]1C(=O)[C@H](CCc1ccccc1)NC(=O)[C@H](Cc1ccccc1)NC(=O)OCc1ccccc1
269,CHEMBL2420108,Br.NC/C(=N\NC(N)=S)c1cccc([N+](=O)[O-])c1
270,CHEMBL3613567,NC(=S)N/N=C(/COc1ccc(Br)cc1)c1ccc(Cl)cc1
271,CHEMBL3613575,NC(=S)N/N=C(\COc1ccccc1)c1ccc(Br)cc1
272,CHEMBL3613576,CCc1ccc(OC/C(=N\NC(N)=S)c2ccc(Br)cc2)cc1
273,CHEMBL3613579,COc1cccc(OC/C(=N\NC(N)=S)c2ccc(Br)cc2)c1
274,CHEMBL3613583,NC(=S)N/N=C(\COc1ccc(F)c(Cl)c1)c1ccc(Br)cc1
275,CHEMBL3612083,NC(=S)N/N=C(\COc1cccc(Cl)c1Cl)c1ccc(Br)cc1
276,CHEMBL1276255,CCC1S/C(=N/N=C/CSc2ccc(Br)cc2)NC1=O
277,CHEMBL1276230,NC(=S)N/N=C/C=C/c1ccccc1
278,CHEMBL4075493,COc1ccc(-c2cs/c(=N\N=C(/C)c3ccccn3)n2-c2ccccc2)cc1
279,CHEMBL4067267,C/C(=N\N=c1/scc(-c2ccc(F)cc2)n1-c1ccccc1)c1ccccn1
280,CHEMBL3827939,C=CCn1c(-c2ccccc2)cs/c1=N\c1sc2c(c1C(=O)OC(C)C)CCCC2
281,CHEMBL4218185,O=CCNC(=O)[C@H](Cc1ccccc1)NC(=O)OCc1ccccc1
282,CHEMBL3221952,NC(=[Se])NN=C(c1cccc(Br)c1)c1cccc(Br)c1
283,CHEMBL1277145,CCC1S/C(=N/N=C(\C)CSc2ccc(S)cc2)NC1=O
284,CHEMBL1276301,Cc1ccc(SC/C=N/N=C2\NC(=O)C(C)S2)cc1
285,CHEMBL1292,CC(C)/N=c1\cc2n(-c3ccc(Cl)cc3)c3ccccc3nc-2cc1Nc1ccc(Cl)cc1
286,CHEMBL3220736,[O-][n+]1onc2ccc(CN3CCN(/C(=N/c4ccccc4)NCc4ccccc4)CC3)cc21
287,CHEMBL3220739,CC1(C)[N+]([O-])=c2ccc(CN3CCN(/C(=N/c4ccccc4)NCCc4ccccc4)CC3)cc2=[N+]1[O-]
288,CHEMBL1078855,O=C(N[C@H](/C=C/S(=O)(=O)c1ccccc1)CCc1ccccc1)c1cc(-c2ccccc2)no1
289,CHEMBL3347361,N=C(N)N/N=C\c1ccccc1OCc1ccc2no[n+]([O-])c2c1
290,CHEMBL3347333,CC1(C)[N+]([O-])=c2ccc(COc3cccc(C=O)c3)cc2=[N+]1[O-]
291,CHEMBL3347345,N=C(N)N/N=C/c1cccc(OCc2ccc3no[n+]([O-])c3c2)c1
292,CHEMBL3347368,CC1(C)[N+]([O-])=c2ccc(COc3ccccc3/C=N\NC(N)=S)cc2=[N+]1[O-]
293,CHEMBL3121905,C/C(=N\NC(N)=S)C(C)Oc1ccc(I)cc1
294,CHEMBL3121898,CC(=O)Nc1ccc(OC(C)/C(C)=N/NC(N)=S)cc1
295,CHEMBL1079181,CC(C)(C)c1cc(C(=O)N[C@H](/C=C/S(=O)(=O)c2ccccc2)CCc2ccccc2)n(Cc2ccccc2)n1
296,CHEMBL460418,OCCCNc1ccnc2cc(Cl)ccc12
297,CHEMBL3233097,O=C(CSc1ccccc1)NCCc1nc2ccccc2[nH]1
298,CHEMBL3233120,Cc1ccc2[nH]c(CCNC(=O)COc3ccc4ccccc4c3Br)nc2c1
299,CHEMBL2180670,C/C(COc1ccccc1)=N\N=C1\SC(C(C)C)C(=O)N1C
300,CHEMBL2180329,C/C(COc1ccccc1)=N\Nc1nc(-c2ccc(Cl)c(Cl)c2)cs1
301,CHEMBL2180352,C/C(COc1ccccc1)=N\Nc1nc(-c2ccncc2)cs1
302,CHEMBL2180355,C/C(COc1ccccc1)=N\N=C1/NC(=O)C(C)S1
303,CHEMBL3827404,C=CCN1C(=O)CS/C1=N\c1sc2c(c1C(=O)OCC)CCCC2
304,CHEMBL3828348,C=CCN1C(=O)CS/C1=N\c1sc2c(c1C(=O)OC(C)C)CCCC2
305,CHEMBL3613569,NC(=S)N/N=C(/COc1ccc(Br)cc1)c1ccc(-c2ccccc2)cc1
306,CHEMBL3613574,Fc1ccc(/C(COc2ccc(Br)cc2)=N\NC(=S)Nc2ccccc2)cc1
307,CHEMBL3613589,NC(=S)N/N=C(\COc1ccc(I)cc1)c1ccc(Br)cc1
308,CHEMBL3827295,C=CCNC(=S)Nc1sc2c(c1C(=O)OC(C)C)CCCC2
309,CHEMBL3827307,CC(C)OC(=O)c1c(/N=C2\SCC(=O)N2c2ccccc2)sc2c1CCCC2
310,CHEMBL3826981,CC(C)OC(=O)c1c(/N=C2\SC(CC(=O)O)C(=O)N2c2ccccc2)sc2c1CCCC2
311,CHEMBL3828526,C=CCn1c(-c2ccccc2)cs/c1=N\c1sc2c(c1C(=O)OCC)CCCC2
312,CHEMBL3827522,CCOC(=O)c1c(/N=C2\SC(C(=O)OCC)C(=O)N2c2ccccc2)sc2c1CCCC2
313,CHEMBL3828113,CC(C)OC(=O)c1c(/N=c2\scc(-c3ccccc3)n2-c2ccccc2)sc2c1CCCC2
314,CHEMBL3827957,C=CCNC(=S)Nc1sc2c(c1C(=O)OCC)CCCC2
315,CHEMBL3827672,CCOC(=O)c1c(/N=C2\SCC(=O)N2c2ccccc2)sc2c1CCCC2
316,CHEMBL3827295,C=CCNC(=S)Nc1sc2c(c1C(=O)OC(C)C)CCCC2
317,CHEMBL3827174,C=CCn1c(C)c(C(=O)OCC)s/c1=N\c1sc2c(c1C(=O)OCC)CCCC2
318,CHEMBL241624,[O-][n+]1onc2cc(/C=C/[S+]([O-])c3ccccc3)ccc21
319,CHEMBL227002,[O-][n+]1onc2cc(/C=C/c3ccccc3)ccc21
320,CHEMBL241624,[O-][n+]1onc2cc(/C=C/[S+]([O-])c3ccccc3)ccc21
321,CHEMBL1998715,CNC(=S)N/N=C(\C)c1ccc(Cl)c(Cl)c1
322,CHEMBL3629565,C/C(=N\N=C1\SC(C(C)C)C(=O)N1c1ccccc1)c1ccc(Cl)c(Cl)c1
323,CHEMBL238428,[O-][n+]1onc2cc(/C=C\[S+]([O-])c3ccccc3)ccc21
324,CHEMBL241622,[O-][n+]1onc2cc(/C=C/Sc3ccccc3)ccc21
325,CHEMBL227002,[O-][n+]1onc2cc(/C=C/c3ccccc3)ccc21
326,CHEMBL568488,O=S(=O)(/C=C/c1ccc2no[n+]([O-])c2c1)c1ccccc1
327,CHEMBL455669,FC(F)(F)c1ccnc(N/N=C/c2ccc(Cl)cc2)n1
328,CHEMBL3347372,[O-][n+]1onc2ccc(COc3ccccc3/C=N\NC(=S)Nc3ccccc3)cc21
329,CHEMBL2420110,C/C(=N\NC(N)=S)c1ccc([N+](=O)[O-])c(N)c1
330,CHEMBL3121901,C/C(=N\NC(N)=S)C(C)Oc1cccc(Cl)c1
331,CHEMBL3233091,O=C(COc1ccc2ccccc2c1)NCCc1nc2ccccc2[nH]1
332,CHEMBL3233093,O=C(COc1ccc2ccccc2c1CO)NCCc1nc2ccccc2[nH]1
333,CHEMBL3233096,O=C(CCc1ccccc1Br)NCCc1nc2ccccc2[nH]1
334,CHEMBL3233106,Cc1ccccc1OCC(=O)NCCC(=O)Nc1ccccc1
335,CHEMBL2180669,CCC1S/C(=N/N=C(\C)COc2ccccc2)N(C)C1=O
336,CHEMBL3104704,O=C1/C(=C/c2ccc(Cn3cc(CCO)nn3)cc2)CC/C1=C\c1ccc(Cn2cc(CCO)nn2)cc1
337,CHEMBL502160,Cc1ccc(/C=C2\CCC/C(=C\c3ccc(C)cc3)C2=O)cc1
338,CHEMBL3221950,NC(=[Se])N/N=C/c1ccc(Cl)c(Cl)c1
339,CHEMBL4065594,C/C(=N\N=c1/scc(-c2ccccc2)n1C)c1ccccn1
340,CHEMBL454439,CCCNc1ccnc2cc(Cl)ccc12
341,CHEMBL3828132,CC(C)OC(=O)c1c(NC(=S)Nc2ccccc2)sc2c1CCCC2
342,CHEMBL3828132,CC(C)OC(=O)c1c(NC(=S)Nc2ccccc2)sc2c1CCCC2
343,CHEMBL3828686,C=CCN1C(=O)C(C(=O)OCC)S/C1=N\c1sc2c(c1C(=O)OCC)CCCC2
344,CHEMBL3785717,NC(=S)N/N=C/CSc1ccc(Br)cc1
345,CHEMBL4565068,Fc1ccc(-c2csc(N/N=C/CSc3ccccc3)n2)cc1
346,CHEMBL4516178,COc1ccc(-c2csc(N/N=C/CSc3ccccc3)n2)cc1
347,CHEMBL3221948,C/C(=N\NC(N)=[Se])c1cccc(Br)c1
348,CHEMBL3221953,CCCC/C(=N/NC(N)=[Se])c1ccc(Cl)c(Cl)c1
349,CHEMBL3787599,NC(=S)N/N=C/CSc1ccc(F)cc1
350,CHEMBL1916944,COc1cc2c(cc1OC)/C(=N/NC(=S)Nc1ccccc1)CC2
351,CHEMBL3220740,CC1(C)[N+]([O-])=c2ccc(CN3CCN(/C(=N/c4ccccc4)NCc4ccccc4)CC3)cc2=[N+]1[O-]
352,CHEMBL3220738,[O-][n+]1onc2ccc(CN3CCN(/C(=N/c4ccccc4)NCc4ccco4)CC3)cc21
353,CHEMBL3613568,NC(=S)N/N=C(/COc1ccc(Br)cc1)c1ccc(Br)cc1
354,CHEMBL3613586,NC(=S)N/N=C(\COc1ccc(Cl)cc1)c1ccc(Br)cc1
355,CHEMBL3613593,NC(=S)N/N=C(\COc1ccc2ccccc2c1)c1ccc(Br)cc1
356,CHEMBL4173052,C/C(=N\Nc1nc(-c2ccccc2)cs1)c1ccc(Cl)c(Cl)c1
357,CHEMBL4168659,C/C(=N\Nc1nc(-c2ccc(Br)cc2)c(C)s1)c1ccc(Cl)c(Cl)c1
358,CHEMBL3629560,C/C(=N\N=C1\SC(C(C)C)C(=O)N1C)c1ccc(Cl)c(Cl)c1
359,CHEMBL3623846,O=P(O)(O)[C@H](NC[C@@H]1CCCc2ccccc21)c1ccc(F)cc1
360,CHEMBL3233118,O=C(COc1ccc2ccccc2c1Br)NCCc1nc2cc(Cl)ccc2[nH]1
361,CHEMBL3233104,Cc1cc(C)c(C#N)c(SCCNC(=O)COc2ccccc2C)n1
362,CHEMBL3233112,O=C(COc1ccc2ccccc2c1)NCCc1cnc[nH]1
363,CHEMBL3233119,COc1ccc2[nH]c(CCNC(=O)COc3ccc4ccccc4c3Br)nc2c1
364,CHEMBL3220735,[O-][n+]1onc2ccc(CN3CCN(/C(=N/c4ccccc4)NCCc4ccccc4)CC3)cc21
365,CHEMBL3220738,[O-][n+]1onc2ccc(CN3CCN(/C(=N/c4ccccc4)NCc4ccco4)CC3)cc21
366,CHEMBL3291070,COc1cc(O)cc2c1[C@@H](/C=C/c1ccc(O)cc1)[C@@H]1[C@@H](c3ccccc3)Oc3cc(O)cc(OC)c3[C@@H]1O2
367,CHEMBL3329505,Cc1ccc(-c2csc(N/N=C/c3ccccn3)n2)cc1
368,CHEMBL416771,C/C(=N\NC(N)=S)c1ccccn1
369,CHEMBL2180349,C/C(COc1ccccc1)=N\Nc1nc(-c2ccccc2)cs1
370,CHEMBL2180343,C/C(COc1ccccc1)=N\N=C1\SC(c2ccccc2)C(=O)N1c1ccccc1
371,CHEMBL2420111,Br.NC/C(=N\NC(N)=S)c1ccc([N+](=O)[O-])cc1
372,CHEMBL3828348,C=CCN1C(=O)CS/C1=N\c1sc2c(c1C(=O)OC(C)C)CCCC2
373,CHEMBL3827864,CCOC(=O)c1c(/N=C2\SC(CC(=O)O)C(=O)N2c2ccccc2)sc2c1CCCC2
374,CHEMBL4213366,CCOC(=O)/C=C/C1(NC(=O)[C@H](Cc2ccccc2)NC(=O)OCc2ccccc2)CC1
375,CHEMBL4170217,C/C(=N\Nc1nc(CCl)cs1)c1ccc(Cl)c(Cl)c1
376,CHEMBL4176517,C/C(=N\Nc1nc(-c2ccc([N+](=O)[O-])cc2)cs1)c1ccc(Cl)c(Cl)c1
377,CHEMBL4162928,CN1c2nc(-c3ccccc3)[nH]c2C(N)=NS1(=O)=O
378,CHEMBL235241,NCCCNc1ccnc2cc(Cl)ccc12
379,CHEMBL3613581,CC(=O)Nc1ccc(OC/C(=N\NC(N)=S)c2ccc(Br)cc2)cc1
380,CHEMBL3613588,NC(=S)N/N=C(\COc1cccc(Br)c1)c1ccc(Br)cc1
381,CHEMBL1277057,CCC1S/C(=N/N=C(\C)CSc2ccc(Cl)cc2)NC1=O
382,CHEMBL2158129,COc1cc(/C=N/NC(=O)c2nc(-c3ccccc3)no2)ccc1O
383,CHEMBL2158232,O=C(N/N=C/c1ccc2c(c1)OCO2)c1nc(-c2ccc(F)cc2)no1
384,CHEMBL2420104,C/C(=N\NC(N)=S)c1ccc(N)cc1
385,CHEMBL74689,C/C(=N\N=C(/N)S)c1ccccc1
386,CHEMBL3221949,NC(=[Se])N/N=C/c1cccc(Br)c1
387,CHEMBL3613580,COc1ccc(OC/C(=N\NC(N)=S)c2ccc(Br)cc2)cc1
388,CHEMBL3121908,C/C(=N\NC(N)=S)C(C)Oc1ccccc1-c1ccccc1
389,CHEMBL1276197,NC(=S)N/N=C/CSc1ccccc1
390,CHEMBL4454686,O=[N+]([O-])c1cccc(-c2csc(N/N=C/CSc3ccccc3)n2)c1
391,CHEMBL3347376,NC(=O)N/N=C\c1ccccc1OCc1ccc2no[n+]([O-])c2c1
392,CHEMBL3347347,CC1(C)[N+]([O-])=c2ccc(COc3cccc(/C=N/NC(N)=S)c3)cc2=[N+]1[O-]
393,CHEMBL1632060,CC1(C)[N+]([O-])=c2ccc(COc3ccc(C=O)cc3)cc2=[N+]1[O-]
394,CHEMBL3828113,CC(C)OC(=O)c1c(/N=c2\scc(-c3ccccc3)n2-c2ccccc2)sc2c1CCCC2
395,CHEMBL4088908,Cl.Clc1ccc2[nH]c(CNC3CCCCC3)cc2c1
396,CHEMBL4077691,O=C(CNCCCN1CCOCC1)Nc1ccccc1
397,CHEMBL2180666,C/C(COc1ccccc1)=N\N=C1/NC(=O)C(c2ccccc2)S1
398,CHEMBL2180330,C/C(COc1ccccc1)=N\Nc1nc(-c2ccc(Cl)cc2Cl)cs1
399,CHEMBL2180354,C/C(COc1ccccc1)=N\N=C1/NC(=O)CS1
400,CHEMBL90512,C/C(=N\N=C(\N)S)c1ccc(Cl)c(Cl)c1
401,CHEMBL3613582,NC(=S)N/N=C(\COc1ccc(F)cc1)c1ccc(Br)cc1
402,CHEMBL1276254,O=C1CS/C(=N/N=C/CSc2ccc(Br)cc2)N1
403,CHEMBL1276302,Cc1ccc(SC/C=N/N=C2\NC(=S)C(C)S2)cc1
404,CHEMBL1276228,O=C1CS/C(=N/N=C/C=C/c2ccccc2)N1
405,CHEMBL1276300,O=C1CS/C(=N/N=C/CSc2ccc(Cl)cc2)N1
406,CHEMBL1276300,O=C1CS/C(=N/N=C/CSc2ccc(Cl)cc2)N1
407,CHEMBL1276229,NC(=S)N/N=C/CCc1ccccc1
408,CHEMBL1276230,NC(=S)N/N=C/C=C/c1ccccc1
409,CHEMBL577708,O=C(/C=C/c1ccc2no[n+]([O-])c2c1)c1ccccc1
410,CHEMBL568619,COc1ccc(C(=O)/C=C/c2ccc3no[n+]([O-])c3c2)cc1
411,CHEMBL6966,COc1ccc(CCN(C)CCCC(C#N)(c2ccc(OC)c(OC)c2)C(C)C)cc1OC
412,CHEMBL2297590,C/C(=N/NC(N)=S)c1cccc(Br)c1
413,CHEMBL3613585,NC(=S)N/N=C(\COc1cccc(Cl)c1)c1ccc(Br)cc1
414,CHEMBL3613592,NC(=S)N/N=C(\COc1cccc2ccccc12)c1ccc(Br)cc1
415,CHEMBL1224755,O=C1/C(=C/c2ccncc2)CCC/C1=C\c1ccncc1
416,CHEMBL2180338,C/C(COc1ccccc1)=N\N=C1\SC(c2ccccc2)C(=O)N1C
417,CHEMBL3233082,O=C(COc1ccccc1Cl)NCCc1nc2ccccc2[nH]1
418,CHEMBL3233013,O=C(COc1ccccc1Br)NCCN1CCCCC1
419,CHEMBL3786939,C/C(=N\Nc1nc(C)cs1)c1ccc(Cl)c(Cl)c1
420,CHEMBL4170042,C/C(=N\Nc1nc(-c2ccc(Cl)cc2Cl)cs1)c1ccc(Cl)c(Cl)c1
421,CHEMBL568488,O=S(=O)(/C=C/c1ccc2no[n+]([O-])c2c1)c1ccccc1
422,CHEMBL4568703,C(\CSc1ccccc1)=N/Nc1nc(-c2ccccc2)cs1
423,CHEMBL3221951,NC(=[Se])N/N=C/c1cccc(C(F)(F)F)c1
424,CHEMBL2064836,Cc1cccc2c1CC/C2=N\Nc1nc(-c2ccc(Cl)cc2)cs1
425,CHEMBL2180337,C/C(COc1ccccc1)=N\N=c1\scc(-c2ccccc2)n1-c1ccccc1
426,CHEMBL2180336,C/C(COc1ccccc1)=N\N=c1\scc(-c2ccccc2)n1C
427,CHEMBL2180347,CCC1S/C(=N/N=C(\C)COc2ccccc2)N(c2ccc(OC)cc2)C1=O
428,CHEMBL2180325,C/C(COc1ccccc1)=N\Nc1nc(-c2ccc(Cl)cc2)cs1
429,CHEMBL2180348,CCC1S/C(=N/N=C(\C)COc2ccccc2)N(C2CCCCC2)C1=O
430,CHEMBL3826981,CC(C)OC(=O)c1c(/N=C2\SC(CC(=O)O)C(=O)N2c2ccccc2)sc2c1CCCC2
431,CHEMBL3828348,C=CCN1C(=O)CS/C1=N\c1sc2c(c1C(=O)OC(C)C)CCCC2
432,CHEMBL3828113,CC(C)OC(=O)c1c(/N=c2\scc(-c3ccccc3)n2-c2ccccc2)sc2c1CCCC2
433,CHEMBL3233105,Cc1ccccc1OCC(=O)NCCC(=O)NCc1ccccc1
434,CHEMBL3220738,[O-][n+]1onc2ccc(CN3CCN(/C(=N/c4ccccc4)NCc4ccco4)CC3)cc21
435,CHEMBL3220737,[O-][n+]1onc2ccc(CN3CCN(/C(=N/c4ccccc4)Nc4ccccc4)CC3)cc21
436,CHEMBL3220744,c1ccc(/N=C(/Nc2ccccc2)N2CCNCC2)cc1
437,CHEMBL4237990,CCOC(=O)/C=C/C(=O)[C@H](CC(C)C)NC(=O)[C@H](CC(C)C)NC(=O)N1CCOCC1
438,CHEMBL2064834,Cc1cccc2c1CC/C2=N\Nc1nc(-c2ccccc2)cs1
439,CHEMBL2064842,Cc1ccc(-c2csc(N/N=C3\CCc4cc(C)ccc43)n2)cc1
440,CHEMBL14498,Clc1ccc2c(NCCCN3CCCCC3)ccnc2c1
441,CHEMBL3121904,C/C(=N\NC(N)=S)C(C)Oc1cccc(Br)c1
442,CHEMBL3121906,C/C(=N\NC(N)=S)C(C)Oc1ccc(-c2ccccc2)cc1
443,CHEMBL2158134,COc1cc(/C=N/NC(=O)c2nc(-c3ccc([N+](=O)[O-])cc3)no2)ccc1O
444,CHEMBL2158137,O=C(N/N=C/c1ccc2c(c1)OCO2)c1nc(-c2ccccc2)no1
445,CHEMBL4105266,CN1CCN(c2ccncn2)CC1
446,CHEMBL4086435,Cl.c1ccc2[nH]c(CNC3CCCCC3)cc2c1
447,CHEMBL4072363,O=C(CN1CCc2ccccc2C1)Nc1ccc(Cl)cc1
448,CHEMBL560043,Nc1ccccc1-c1nnc(C(=O)Nc2cc(-c3cccs3)[nH]n2)o1
449,CHEMBL3104697,O=C1/C(=C/c2ccc([N+](=O)[O-])cc2)CC/C1=C\c1ccc([N+](=O)[O-])cc1
450,CHEMBL3104697,O=C1/C(=C/c2ccc([N+](=O)[O-])cc2)CC/C1=C\c1ccc([N+](=O)[O-])cc1
451,CHEMBL2036339,O=C1/C(=C/c2ccncc2)CC/C1=C\c1ccncc1
452,CHEMBL3104701,O=C1/C(=C/c2cccc3cnccc23)CCC/C1=C\c1cccc2cnccc12
453,CHEMBL3828195,C=CCN1C(=O)C(CC(=O)O)S/C1=N\c1sc2c(c1C(=O)OCC)CCCC2
454,CHEMBL3827864,CCOC(=O)c1c(/N=C2\SC(CC(=O)O)C(=O)N2c2ccccc2)sc2c1CCCC2
455,CHEMBL3827125,C=CCN1C(=O)C(CC(=O)O)S/C1=N\c1sc2c(c1C(=O)OC(C)C)CCCC2
456,CHEMBL3827939,C=CCn1c(-c2ccccc2)cs/c1=N\c1sc2c(c1C(=O)OC(C)C)CCCC2
457,CHEMBL3828647,CCOC(=O)c1c(/N=c2\scc(-c3ccccc3)n2-c2ccccc2)sc2c1CCCC2
458,CHEMBL3828686,C=CCN1C(=O)C(C(=O)OCC)S/C1=N\c1sc2c(c1C(=O)OCC)CCCC2
459,CHEMBL374508,CC(C)C[C@H](NC(=O)[C@H]1O[C@@H]1C(=O)O)C(=O)NCCCCN=C(N)N
460,CHEMBL3827142,CCOC(=O)c1c(NC(=S)Nc2ccccc2)sc2c1CCCC2
461,CHEMBL3827295,C=CCNC(=S)Nc1sc2c(c1C(=O)OC(C)C)CCCC2
462,CHEMBL3827404,C=CCN1C(=O)CS/C1=N\c1sc2c(c1C(=O)OCC)CCCC2
463,CHEMBL3827125,C=CCN1C(=O)C(CC(=O)O)S/C1=N\c1sc2c(c1C(=O)OC(C)C)CCCC2
464,CHEMBL3329513,O=[N+]([O-])c1cccc(-c2csc(N/N=C/c3ccccn3)n2)c1
465,CHEMBL3329518,C/C(=N\Nc1nc(-c2ccc(F)cc2)cs1)c1ccccn1
466,CHEMBL3329520,C/C(=N\Nc1nc(-c2ccc(Cl)cc2Cl)cs1)c1ccccn1
467,CHEMBL3329511,Clc1ccc(-c2csc(N/N=C/c3ccccn3)n2)c(Cl)c1
468,CHEMBL3329508,Fc1ccc(-c2csc(N/N=C/c3ccccn3)n2)cc1
469,CHEMBL2180334,C/C(COc1ccccc1)=N\Nc1nc(Cc2ccco2)cs1
470,CHEMBL2180668,C/C(COc1ccccc1)=N\N=C1\SC(C)C(=O)N1C
471,CHEMBL540153,Nc1ccccc1C(=O)NCC(=O)NC1CCCCC1
472,CHEMBL452693,COc1ccc(/C=N/Nc2nccc(C(F)(F)F)n2)cc1
473,CHEMBL451256,Cc1cc(C(F)(F)F)nc(N/N=C/c2ccccc2C)n1
474,CHEMBL3291071,COc1ccc(/C=C/[C@@H]2c3c(OC)cc(O)cc3O[C@H]3c4c(OC)cc(O)cc4O[C@H](c4ccccc4)[C@@H]23)cc1
475,CHEMBL3221948,C/C(=N\NC(N)=[Se])c1cccc(Br)c1
476,CHEMBL3221952,NC(=[Se])NN=C(c1cccc(Br)c1)c1cccc(Br)c1
477,CHEMBL2420107,C/C(=N\NC(N)=S)c1cccc([N+](=O)[O-])c1
478,CHEMBL2218858,COC(=O)C1=C(C)NC(C)=C(C(=O)O[C@@H]2CCCN(Cc3ccccc3)C2)C1c1cccc([N+](=O)[O-])c1
479,CHEMBL114,CC(C)(C)NC(=O)[C@@H]1C[C@@H]2CCCC[C@@H]2CN1C[C@@H](O)[C@H](Cc1ccccc1)NC(=O)[C@H](CC(N)=O)NC(=O)c1ccc2ccccc2n1
480,CHEMBL2218858,COC(=O)C1=C(C)NC(C)=C(C(=O)O[C@@H]2CCCN(Cc3ccccc3)C2)C1c1cccc([N+](=O)[O-])c1
481,CHEMBL313679,CC/C(=N\N=C(\N)S)c1cccc(Br)c1
482,CHEMBL3221953,CCCC/C(=N/NC(N)=[Se])c1ccc(Cl)c(Cl)c1
483,CHEMBL4217658,N#CC1(NC(=O)[C@H](Cc2ccccc2)NC(=O)OCc2ccccc2)CC1
484,CHEMBL4212454,CN(C#N)N(C)C(=O)[C@H](Cc1ccccc1)NC(=O)c1cc(C(C)(C)C)nn1C
485,CHEMBL4213786,O=C(N[C@@H](Cc1ccccc1)C(=O)NCC=NO)OCc1ccccc1
486,CHEMBL4208600,CNC(=O)/C=C/C1(NC(=O)[C@H](Cc2ccccc2)NC(=O)OCc2ccccc2)CC1
487,CHEMBL3233081,O=C(COc1ccccc1F)NCCc1nc2ccccc2[nH]1
488,CHEMBL3233088,O=C(COc1cccc(Br)c1)NCCc1nc2ccccc2[nH]1
489,CHEMBL3233094,O=C(COc1ccc2ccccc2c1O)NCCc1nc2ccccc2[nH]1
490,CHEMBL3233095,O=C(COc1ccc2ccccc2c1Br)NCCc1nc2ccccc2[nH]1
491,CHEMBL3233100,Cc1ccccc1OCC(=O)NCCN1CCCCC1
492,CHEMBL3233102,Cc1ccccc1OCC(=O)NCCc1c[nH]c2ccccc12
493,CHEMBL3233107,Cc1ccccc1OCC(=O)NCCC(=O)Nc1ccc(O)cc1
494,CHEMBL3233109,O=C(COc1ccc2ccccc2c1)NCCC(=O)Nc1ccccc1O
495,CHEMBL3233117,CC(=O)n1c(CCNC(=O)COc2ccccc2[N+](=O)[O-])nc2ccccc21
496,CHEMBL4288606,CC(C)C[C@H](NC(=O)OC(C)(C)C)C(=O)N1CCC[C@@H]1C(=O)N1C(C(=O)OCc2ccccc2)C1C(=O)OCc1ccccc1
497,CHEMBL4280307,CC(C)C[C@H](NC(=O)OC(C)(C)C)C(=O)N1CCC[C@@H]1C(=O)N1C(C(=O)OCCCc2ccccc2)C1C(=O)OCCCc1ccccc1
498,CHEMBL3104699,O=C1/C(=C/c2ccnc3ccccc23)CCC/C1=C\c1ccnc2ccccc12
499,CHEMBL3329519,COc1ccc(-c2csc(N/N=C(\C)c3ccccn3)n2)cc1
500,CHEMBL3329522,C/C(=N\Nc1nc(-c2cccc([N+](=O)[O-])c2)cs1)c1ccccn1
501,CHEMBL2180333,C/C(COc1ccccc1)=N\Nc1nc(-c2ccc3ccccc3c2)cs1
502,CHEMBL2180328,C/C(COc1ccccc1)=N\Nc1nc(-c2cccc([N+](=O)[O-])c2)cs1
503,CHEMBL2180324,C/C(COc1ccccc1)=N\Nc1nc(-c2ccc(F)cc2)cs1
504,CHEMBL2180350,C/C(COc1ccccc1)=N\Nc1nc(-c2ccccn2)cs1
505,CHEMBL2180342,C/C(COc1ccccc1)=N\N=C1\SC(C(C)C)C(=O)N1c1ccccc1
506,CHEMBL2180339,C/C(COc1ccccc1)=N\N=C1\SCC(=O)N1c1ccccc1
507,CHEMBL2180666,C/C(COc1ccccc1)=N\N=C1/NC(=O)C(c2ccccc2)S1
508,CHEMBL2180665,C/C(COc1ccccc1)=N\N=C1/NC(=O)C(C(C)C)S1
509,CHEMBL2180335,C/C(COc1ccccc1)=N\Nc1nc(-c2cccs2)cs1
510,CHEMBL2180326,C/C(COc1ccccc1)=N\Nc1nc(-c2ccc(Br)cc2)cs1
511,CHEMBL3329223,O=[N+]([O-])c1ccc(-c2csc(N/N=C/c3ccccn3)n2)cc1
512,CHEMBL3221950,NC(=[Se])N/N=C/c1ccc(Cl)c(Cl)c1
513,CHEMBL2158136,COc1ccc(-c2noc(C(=O)N/N=C/c3ccc(O)c(OC)c3)n2)cc1
514,CHEMBL1275672,CC1S/C(=N/N=C/CCSc2ccccc2)NC1=S
515,CHEMBL3828647,CCOC(=O)c1c(/N=c2\scc(-c3ccccc3)n2-c2ccccc2)sc2c1CCCC2
516,CHEMBL1276253,CC1S/C(=N/N=C/CCSc2ccc(Cl)cc2)NC1=O
517,CHEMBL1276253,CC1S/C(=N/N=C/CCSc2ccc(Cl)cc2)NC1=O
518,CHEMBL1276254,O=C1CS/C(=N/N=C/CSc2ccc(Br)cc2)N1
519,CHEMBL1275672,CC1S/C(=N/N=C/CCSc2ccccc2)NC1=S
520,CHEMBL90512,C/C(=N\N=C(\N)S)c1ccc(Cl)c(Cl)c1
521,CHEMBL4294334,CC(C)C[C@H](NC(=O)OC(C)(C)C)C(=O)N1CCC[C@@H]1C(=O)N1C(C(=O)O)C1C(=O)OCC1CCCCC1
522,CHEMBL282672,Oc1nc2ccccc2nc1O
523,CHEMBL3613572,COc1ccc(/C(COc2ccc(Br)cc2)=N\NC(=S)Nc2ccccc2)cc1
524,CHEMBL1275672,CC1S/C(=N/N=C/CCSc2ccccc2)NC1=S
525,CHEMBL1276198,CC1S/C(=N/N=C/CCSc2ccccc2)NC1=O
526,CHEMBL1277144,CCC1S/C(=N/N=C(\C)CSc2ccc(C)cc2)NC1=O
527,CHEMBL3220743,c1ccc(C/N=C(/Nc2ccccc2)N2CCNCC2)cc1
528,CHEMBL3220735,[O-][n+]1onc2ccc(CN3CCN(/C(=N/c4ccccc4)NCCc4ccccc4)CC3)cc21
529,CHEMBL2420109,C/C(=N\NC(N)=S)c1ccc(N)c([N+](=O)[O-])c1
530,CHEMBL3121897,C/C(=N\NC(N)=S)C(C)Oc1ccc([N+](=O)[O-])cc1
531,CHEMBL577708,O=C(/C=C/c1ccc2no[n+]([O-])c2c1)c1ccccc1
532,CHEMBL3785855,COc1ccc(-c2csc(N/N=C(\C)c3ccc(Cl)c(Cl)c3)n2)cc1
533,CHEMBL1276198,CC1S/C(=N/N=C/CCSc2ccccc2)NC1=O
534,CHEMBL3827522,CCOC(=O)c1c(/N=C2\SC(C(=O)OCC)C(=O)N2c2ccccc2)sc2c1CCCC2
535,CHEMBL3827943,C=CCn1c(C)c(C(=O)OCC)s/c1=N\c1sc2c(c1C(=O)OC(C)C)CCCC2
536,CHEMBL3827957,C=CCNC(=S)Nc1sc2c(c1C(=O)OCC)CCCC2
537,CHEMBL3828526,C=CCn1c(-c2ccccc2)cs/c1=N\c1sc2c(c1C(=O)OCC)CCCC2
538,CHEMBL4176845,C/C(=N\Nc1nc(-c2ccncc2)cs1)c1ccc(Cl)c(Cl)c1
539,CHEMBL4176430,C/C(=N\Nc1nc(-c2ccccn2)cs1)c1ccc(Cl)c(Cl)c1
540,CHEMBL146616,Clc1ccc2c(NCCN3CCCCC3)ccnc2c1
541,CHEMBL4068608,CN1CCN(Cc2ccc[nH]2)CC1
542,CHEMBL4074869,C/C(=N\N=c1/sc(C)c(-c2ccccc2)n1C)c1ccccn1
543,CHEMBL3347378,CC(=O)c1ccccc1OCc1ccc2no[n+]([O-])c2c1
544,CHEMBL1630613,C=CCNC(=S)N/N=C\c1ccccc1OCc1ccc2no[n+]([O-])c2c1
545,CHEMBL3347332,O=Cc1cccc(OCc2ccc3no[n+]([O-])c3c2)c1
546,CHEMBL3347303,CC1(C)[N+]([O-])=c2ccc(COc3ccc(/C=N/NC(N)=S)cc3)cc2=[N+]1[O-]
547,CHEMBL3347379,CC(=O)c1ccccc1OCc1ccc2c(c1)=[N+]([O-])C(C)(C)[N+]=2[O-]
548,CHEMBL3613571,CNC(=S)N/N=C(/COc1ccc(Br)cc1)c1ccc(OC)cc1
549,CHEMBL3613584,NC(=S)N/N=C(\COc1ccccc1Cl)c1ccc(Br)cc1
550,CHEMBL3629557,C/C(=N\N=C1\SCC(=O)N1C)c1ccc(Cl)c(Cl)c1
551,CHEMBL3629558,C/C(=N\N=C1\SC(C)C(=O)N1C)c1ccc(Cl)c(Cl)c1
552,CHEMBL3347359,C=CCNC(=S)N/N=C/c1cccc(OCc2ccc3no[n+]([O-])c3c2)c1
553,CHEMBL4279824,CC(C)C[C@H](NC(=O)OC(C)(C)C)C(=O)N1CCC[C@@H]1C(=O)N1C(C(=O)O)C1C(=O)OCCc1ccccc1
554,CHEMBL3233084,N#Cc1ccccc1OCC(=O)NCCc1nc2ccccc2[nH]1
555,CHEMBL3233101,O=C(CCc1ccccc1Br)NCCN1CCCCC1
556,CHEMBL3233085,O=C(COc1ccccc1[N+](=O)[O-])NCCc1nc2ccccc2[nH]1
557,CHEMBL1572619,O=C(COc1ccccc1)NCCc1nc2ccccc2[nH]1
558,CHEMBL114,CC(C)(C)NC(=O)[C@@H]1C[C@@H]2CCCC[C@@H]2CN1C[C@@H](O)[C@H](Cc1ccccc1)NC(=O)[C@H](CC(N)=O)NC(=O)c1ccc2ccccc2n1
559,CHEMBL1079068,O=C(N[C@H](/C=C/S(=O)(=O)c1ccccc1)CCc1ccccc1)c1cc(-c2ccccn2)no1
560,CHEMBL4093261,c1ccc2c(c1)CCN(c1ccncn1)C2
561,CHEMBL4090662,CN1CCN(CC(=O)Nc2ccccc2)CC1
562,CHEMBL4095194,c1c[nH]c(CN2CCc3ccccc3C2)c1
563,CHEMBL2420106,Cl.NC/C(=N\NC(N)=S)c1ccccc1
564,CHEMBL2420112,NC(=S)N/N=C(\CO)c1ccc([N+](=O)[O-])cc1
565,CHEMBL502160,Cc1ccc(/C=C2\CCC/C(=C\c3ccc(C)cc3)C2=O)cc1
566,CHEMBL3104699,O=C1/C(=C/c2ccnc3ccccc23)CCC/C1=C\c1ccnc2ccccc12
567,CHEMBL1224755,O=C1/C(=C/c2ccncc2)CCC/C1=C\c1ccncc1
568,CHEMBL549615,Nc1ncccc1C(=O)OCC(=O)Nc1ccccc1OC(F)F
569,CHEMBL563474,O=C(COC(=O)c1ccccn1)Nc1cc(Cl)ccc1Cl
570,CHEMBL3828526,C=CCn1c(-c2ccccc2)cs/c1=N\c1sc2c(c1C(=O)OCC)CCCC2
571,CHEMBL3828195,C=CCN1C(=O)C(CC(=O)O)S/C1=N\c1sc2c(c1C(=O)OCC)CCCC2
572,CHEMBL2064829,Cc1ccc(-c2csc(N/N=C3\CCc4ccccc43)n2)cc1
573,CHEMBL374508,CC(C)C[C@H](NC(=O)[C@H]1O[C@@H]1C(=O)O)C(=O)NCCCCN=C(N)N
574,CHEMBL3785588,Cc1ccccc1SC/C=N/NC(N)=S
575,CHEMBL4447401,Clc1ccc(-c2csc(N/N=C/CSc3ccccc3)n2)c(Cl)c1
576,CHEMBL3828195,C=CCN1C(=O)C(CC(=O)O)S/C1=N\c1sc2c(c1C(=O)OCC)CCCC2
577,CHEMBL3827957,C=CCNC(=S)Nc1sc2c(c1C(=O)OCC)CCCC2
578,CHEMBL3613573,CNC(=S)N/N=C(/COc1ccc(Br)cc1)c1ccc(F)cc1
579,CHEMBL4176166,NC1=NS(=O)(=O)Nc2nc(CCc3ccccc3)[nH]c21
580,CHEMBL4213247,O=CC1(NC(=O)[C@H](Cc2ccccc2)NC(=O)OCc2ccccc2)CC1
581,CHEMBL4217414,CC(C)C[C@H](NC(=O)c1cc(C(C)(C)C)nn1C)C(=O)N(C)N(C)C#N
582,CHEMBL3613590,NC(=S)N/N=C(\COc1cccc(-c2ccccc2)c1)c1ccc(Br)cc1
583,CHEMBL3121898,CC(=O)Nc1ccc(OC(C)/C(C)=N/NC(N)=S)cc1
584,CHEMBL3613563,NC(=S)N/N=C(/COc1ccc(Br)cc1)c1ccccc1
585,CHEMBL3613564,Cc1ccc(/C(COc2ccc(Br)cc2)=N\NC(N)=S)cc1
586,CHEMBL3613570,NC(=S)N/N=C(/COc1ccc(Br)cc1)c1cccc2ccccc12
587,CHEMBL4251480,CCOC(=O)/C=C/C(=O)[C@H](CCc1ccccc1)NC(=O)[C@H](Cc1ccccc1)NC(=O)OCc1ccccc1
588,CHEMBL4208861,O=C(N[C@@H](Cc1ccccc1)C(=O)Nc1cnoc1)OCc1ccccc1
589,CHEMBL1276301,Cc1ccc(SC/C=N/N=C2\NC(=O)C(C)S2)cc1
590,CHEMBL1276254,O=C1CS/C(=N/N=C/CSc2ccc(Br)cc2)N1
591,CHEMBL2158236,O=C(N/N=C/c1ccc2c(c1)OCO2)c1nc(-c2ccc(O)cc2)no1
592,CHEMBL3221948,C/C(=N\NC(N)=[Se])c1cccc(Br)c1
593,CHEMBL3221950,NC(=[Se])N/N=C/c1ccc(Cl)c(Cl)c1
594,CHEMBL3221951,NC(=[Se])N/N=C/c1cccc(C(F)(F)F)c1
595,CHEMBL3347377,CC1(C)[N+]([O-])=c2ccc(COc3ccccc3/C=N\NC(N)=O)cc2=[N+]1[O-]
596,CHEMBL3347360,O=Cc1ccccc1OCc1ccc2no[n+]([O-])c2c1
597,CHEMBL3347346,NC(=S)N/N=C/c1cccc(OCc2ccc3no[n+]([O-])c3c2)c1
598,CHEMBL512925,O=Cc1ccc(OCc2ccc3no[n+]([O-])c3c2)cc1
599,CHEMBL4209401,Cc1coc(NC(=O)[C@H](Cc2ccccc2)NC(=O)OCc2ccccc2)n1
600,CHEMBL4565528,Brc1ccc(-c2csc(N/N=C/CSc3ccccc3)n2)cc1
601,CHEMBL4564015,O=[N+]([O-])c1ccc(-c2csc(N/N=C/CSc3ccccc3)n2)cc1
602,CHEMBL3629418,C/C(=N\N=C1/NC(=O)CS1)c1ccc(Cl)c(Cl)c1
603,CHEMBL242106,CC(C)c1ccc(/C=N/NC(N)=S)cc1
604,CHEMBL3329523,C/C(=N\Nc1nc(-c2ccc([N+](=O)[O-])cc2)cs1)c1ccccn1
605,CHEMBL4281865,CC(C)C[C@H](NC(=O)OC(C)(C)C)C(=O)N1CCC[C@@H]1C(=O)N1C(C(=O)O)C1C(=O)OC(C)(C)C
606,CHEMBL3613566,NC(=S)N/N=C(/COc1ccc(Br)cc1)c1ccc(F)cc1
607,CHEMBL3827522,CCOC(=O)c1c(/N=C2\SC(C(=O)OCC)C(=O)N2c2ccccc2)sc2c1CCCC2
608,CHEMBL3613565,COc1ccc(/C(COc2ccc(Br)cc2)=N\NC(N)=S)cc1
609,CHEMBL3613578,CC(C)(C)c1ccc(OC/C(=N\NC(N)=S)c2ccc(Br)cc2)cc1
610,CHEMBL3613587,NC(=S)N/N=C(\COc1ccc(Cl)c(Cl)c1)c1ccc(Br)cc1
611,CHEMBL4165151,C/C(=N\Nc1nc(C)c(C)s1)c1ccc(Cl)c(Cl)c1
612,CHEMBL4159420,C/C(=N\Nc1nc(-c2ccc(Cl)c(Cl)c2)cs1)c1ccc(Cl)c(Cl)c1
613,CHEMBL4175458,C/C(=N\Nc1nc(-c2ccc(-c3ccccc3)cc2)cs1)c1ccc(Cl)c(Cl)c1
614,CHEMBL3827404,C=CCN1C(=O)CS/C1=N\c1sc2c(c1C(=O)OCC)CCCC2
615,CHEMBL3827943,C=CCn1c(C)c(C(=O)OCC)s/c1=N\c1sc2c(c1C(=O)OC(C)C)CCCC2
616,CHEMBL3827672,CCOC(=O)c1c(/N=C2\SCC(=O)N2c2ccccc2)sc2c1CCCC2
617,CHEMBL3826981,CC(C)OC(=O)c1c(/N=C2\SC(CC(=O)O)C(=O)N2c2ccccc2)sc2c1CCCC2
618,CHEMBL3828195,C=CCN1C(=O)C(CC(=O)O)S/C1=N\c1sc2c(c1C(=O)OCC)CCCC2
619,CHEMBL3828132,CC(C)OC(=O)c1c(NC(=S)Nc2ccccc2)sc2c1CCCC2
620,CHEMBL3828526,C=CCn1c(-c2ccccc2)cs/c1=N\c1sc2c(c1C(=O)OCC)CCCC2
621,CHEMBL3828132,CC(C)OC(=O)c1c(NC(=S)Nc2ccccc2)sc2c1CCCC2
622,CHEMBL4242138,CCOC(=O)/C=C/C(=O)[C@H](CCc1ccccc1)NC(=O)[C@H](Cc1ccccc1)NC(=O)N1CCOCC1
623,CHEMBL4248915,CCOC(=O)/C=C/C(=O)[C@H](C)NC(=O)[C@H](CC(C)C)NC(=O)OCc1ccccc1
624,CHEMBL4250264,CCOC(=O)/C=C/[C@@H](O)[C@H](CCc1ccccc1)NC(=O)[C@H](Cc1ccccc1)NC(=O)N1CCOCC1
625,CHEMBL4238922,O=C(O)/C=C/[C@@H](O)[C@H](CCc1ccccc1)NC(=O)[C@H](Cc1ccccc1)NC(=O)OCc1ccccc1
626,CHEMBL3785286,NC(=S)N/N=C/CSc1ccccc1Cl
627,CHEMBL4247075,CCOC(=O)/C=C/[C@H](O)[C@H](CCc1ccccc1)NC(=O)[C@H](Cc1ccccc1)NC(=O)OCc1ccccc1
628,CHEMBL3786871,NC(=S)N/N=C/CSc1cc(Cl)ccc1Cl
629,CHEMBL4450535,Cc1ccc(-c2csc(N/N=C/CSc3ccccc3)n2)cc1
630,CHEMBL3347380,C/C(=N/NC(=N)N)c1ccccc1OCc1ccc2no[n+]([O-])c2c1
631,CHEMBL3347345,N=C(N)N/N=C/c1cccc(OCc2ccc3no[n+]([O-])c3c2)c1
632,CHEMBL3329506,Brc1ccc(-c2csc(N/N=C/c3ccccn3)n2)cc1
633,CHEMBL3329504,C(=N/Nc1nc(-c2ccccc2)cs1)\c1ccccn1
634,CHEMBL3291072,COc1cc(O)cc2c1[C@@H](/C=C/c1ccccc1)[C@@H]1[C@@H](c3ccccc3)Oc3cc(O)cc(OC)c3[C@@H]1O2
635,CHEMBL3329507,Cc1sc(N/N=C/c2ccccn2)nc1-c1ccc(Br)cc1
636,CHEMBL2180342,C/C(COc1ccccc1)=N\N=C1\SC(C(C)C)C(=O)N1c1ccccc1
637,CHEMBL2180341,CCC1S/C(=N/N=C(\C)COc2ccccc2)N(c2ccccc2)C1=O
638,CHEMBL2180667,C/C(COc1ccccc1)=N\N=C1\SCC(=O)N1C
639,CHEMBL3827957,C=CCNC(=S)Nc1sc2c(c1C(=O)OCC)CCCC2
640,CHEMBL3828348,C=CCN1C(=O)CS/C1=N\c1sc2c(c1C(=O)OC(C)C)CCCC2
641,CHEMBL3827864,CCOC(=O)c1c(/N=C2\SC(CC(=O)O)C(=O)N2c2ccccc2)sc2c1CCCC2
642,CHEMBL3827943,C=CCn1c(C)c(C(=O)OCC)s/c1=N\c1sc2c(c1C(=O)OC(C)C)CCCC2
643,CHEMBL3827307,CC(C)OC(=O)c1c(/N=C2\SCC(=O)N2c2ccccc2)sc2c1CCCC2
644,CHEMBL3828686,C=CCN1C(=O)C(C(=O)OCC)S/C1=N\c1sc2c(c1C(=O)OCC)CCCC2
645,CHEMBL3629561,C/C(=N\N=C1\SC(c2ccccc2)C(=O)N1C)c1ccc(Cl)c(Cl)c1
646,CHEMBL4238441,CCOC(=O)/C=C/C(=O)[C@@H](CC(C)C)NC(=O)[C@H](Cc1ccccc1)NC(=O)OCc1ccccc1
647,CHEMBL3629417,C/C(=N\NC(=S)Nc1ccccc1)c1ccc(Cl)c(Cl)c1
648,CHEMBL3629422,C/C(=N\N=C1/NC(=O)C(c2ccccc2)S1)c1ccc(Cl)c(Cl)c1
649,CHEMBL3786510,Cc1cccc(SC/C=N/NC(N)=S)c1
650,CHEMBL3787052,NC(=S)N/N=C/CSc1cccc(Cl)c1
651,CHEMBL3785305,NC(=S)N/N=C/CSc1ccc(Cl)cc1
652,CHEMBL1774603,OCCN1CCN(c2ccnc3cc(Cl)ccc23)CC1
653,CHEMBL25988,N/C(S)=N/N=C/c1ccccn1
654,CHEMBL3329512,Clc1ccc(-c2csc(N/N=C/c3ccccn3)n2)cc1Cl
655,CHEMBL3329514,C(=N/Nc1nc(-c2ccc3ccccc3c2)cs1)\c1ccccn1
656,CHEMBL2409542,C/C(=N\Nc1nc(-c2ccccc2)cs1)c1ccccn1
657,CHEMBL3114105,C/C(=N/Nc1nc(-c2ccc(Cl)cc2)cs1)c1ccccn1
658,CHEMBL3329521,C/C(=N\Nc1nc(-c2ccc(Cl)c(Cl)c2)cs1)c1ccccn1
659,CHEMBL3329509,COc1ccc(-c2csc(N/N=C/c3ccccn3)n2)cc1
660,CHEMBL3629566,C/C(=N\N=C1\SC(c2ccccc2)C(=O)N1c1ccccc1)c1ccc(Cl)c(Cl)c1
661,CHEMBL4063776,Cc1ccc(NC(=O)CN2CCN(C)CC2)cc1
662,CHEMBL4583027,O=C1CNc2ccccc2N1
663,CHEMBL3629564,CCC1S/C(=N/N=C(\C)c2ccc(Cl)c(Cl)c2)N(c2ccccc2)C1=O
664,CHEMBL4294157,CC(C)C[C@H](NC(=O)OC(C)(C)C)C(=O)N1CCC[C@@H]1C(=O)N1C(C(=O)OCc2ccccc2)C1C(=O)OC(C)(C)C
665,CHEMBL3121915,C/C(=N\NC(N)=S)C(C)Oc1ccccc1
666,CHEMBL3629421,C/C(=N\N=C1/NC(=O)C(C(C)C)S1)c1ccc(Cl)c(Cl)c1
667,CHEMBL374508,CC(C)C[C@H](NC(=O)[C@H]1O[C@@H]1C(=O)O)C(=O)NCCCCN=C(N)N
668,CHEMBL4176937,C/C(=N\N=c1\scc(-c2ccccc2)n1C)c1ccc(Cl)c(Cl)c1
669,CHEMBL4082855,O=C(CNc1ccnc2cc(Cl)ccc12)N1CCOCC1
670,CHEMBL4077339,O=C(CNCCCN1CCOCC1)Nc1ccc(Cl)cc1
671,CHEMBL4093794,Cc1ccc(NC(=O)CNCCCN2CCOCC2)cc1
672,CHEMBL4066213,c1c[nH]c(CN2CCOCC2)c1
673,CHEMBL4063451,c1c[nH]c(CNCCCN2CCOCC2)c1
674,CHEMBL4081016,Cl.Clc1ccc2[nH]c(CNCCCN3CCOCC3)cc2c1
675,CHEMBL4292021,CC(C)C[C@H](NC(=O)OC(C)(C)C)C(=O)N1CCC[C@@H]1C(=O)N1C(C(=O)OCCc2ccccc2)C1C(=O)OCc1ccccc1
676,CHEMBL4290479,CC(C)C[C@H](NC(=O)OC(C)(C)C)C(=O)N1CCC[C@@H]1C(=O)N1C(C(=O)O)C1C(=O)OCCCc1ccccc1
677,CHEMBL3233083,O=C(COc1ccccc1I)NCCc1nc2ccccc2[nH]1
678,CHEMBL3233092,O=Cc1c(OCC(=O)NCCc2nc3ccccc3[nH]2)ccc2ccccc12
679,CHEMBL3233114,O=C(COc1ccc2ccccc2c1)NCCc1nc2ccccc2o1
680,CHEMBL1346687,Cc1ccccc1OCC(=O)NCCc1nc2ccccc2[nH]1
681,CHEMBL3233098,O=C(CCOc1ccccc1)NCCc1nc2ccccc2[nH]1
682,CHEMBL4212989,CC(C)C[C@H](NC(=O)OC(C)(C)C)C(=O)N(C)N(C)C#N
683,CHEMBL4244085,CCOC(=O)/C=C/C=C/C(=O)[C@H](CCc1ccccc1)NC(=O)[C@H](Cc1ccccc1)NC(=O)N1CCOCC1
684,CHEMBL4243121,CCOC(=O)/C=C/[C@@H](O)[C@H](CCc1ccccc1)NC(=O)[C@H](CC(C)C)NC(=O)OCc1ccccc1
685,CHEMBL4239347,CCOC(=O)/C=C/[C@H](O)[C@H](CCc1ccccc1)C(=O)N[C@@H](Cc1ccccc1)C(=O)OCc1ccccc1
686,CHEMBL4242650,CCOC(=O)/C=C/[C@@H](O)[C@H](CCc1ccccc1)NC(=O)[C@H](Cc1ccccc1)NC(=O)OCc1ccccc1
687,CHEMBL4249438,CCOC(=O)/C=C/[C@H](O)[C@H](CCc1ccccc1)C(=O)N[C@@H](CC(C)C)C(=O)OCc1ccccc1
688,CHEMBL4203721,CCN(CC)C(=O)/C=C/C1(NC(=O)[C@H](Cc2ccccc2)NC(=O)OCc2ccccc2)CC1
689,CHEMBL99254,NCCNc1ccnc2cc(Cl)ccc12
690,CHEMBL4166231,C/C(=N\Nc1nc(-c2ccc(C)cc2)cs1)c1ccc(Cl)c(Cl)c1
691,CHEMBL4169647,C/C(=N\Nc1nc(-c2ccc(Cl)cc2)cs1)c1ccc(Cl)c(Cl)c1
692,CHEMBL3629419,C/C(=N\N=C1/NC(=O)C(C)S1)c1ccc(Cl)c(Cl)c1
693,CHEMBL3629420,CCC1S/C(=N/N=C(\C)c2ccc(Cl)c(Cl)c2)NC1=O
694,CHEMBL4166320,C/C(=N\N=c1\scc(-c2ccccc2)n1-c1ccccc1)c1ccc(Cl)c(Cl)c1
695,CHEMBL4240920,CCOC(=O)/C=C/C(=O)[C@H](C)NC(=O)[C@H](Cc1ccccc1)NC(=O)OCc1ccccc1
696,CHEMBL4245631,CCOC(=O)/C=C/[C@H](O)[C@H](CCc1ccccc1)C(=O)N[C@@H](CC(C)C)C(=O)OC
697,CHEMBL4078580,Cl.c1ccc2[nH]c(CNCCCN3CCOCC3)cc2c1
698,CHEMBL3785388,Cc1ccc(C)c(SC/C=N/NC(N)=S)c1
699,CHEMBL4284143,CC(C)C[C@H](NC(=O)OC(C)(C)C)C(=O)N1CCC[C@@H]1C(=O)N1C(C(=O)OCCCc2ccccc2)C1C(=O)OCc1ccccc1
700,CHEMBL1522192,Cc1ccc(NC(=O)CN2CCc3ccccc3C2)cc1
701,CHEMBL31000,OCCNc1ccnc2cc(Cl)ccc12
702,CHEMBL4072523,c1cc(NCCCN2CCOCC2)ncn1
703,CHEMBL3827404,C=CCN1C(=O)CS/C1=N\c1sc2c(c1C(=O)OCC)CCCC2
704,CHEMBL3827295,C=CCNC(=S)Nc1sc2c(c1C(=O)OC(C)C)CCCC2
705,CHEMBL3220744,c1ccc(/N=C(/Nc2ccccc2)N2CCNCC2)cc1
706,CHEMBL3347359,C=CCNC(=S)N/N=C/c1cccc(OCc2ccc3no[n+]([O-])c3c2)c1
707,CHEMBL3785309,COc1ccc(SC/C=N/NC(N)=S)cc1
708,CHEMBL3787696,Cc1ccc(SC/C=N/NC(N)=S)cc1
709,CHEMBL4462001,Cc1sc(N/N=C/CSc2ccccc2)nc1-c1ccc(Br)cc1
710,CHEMBL4434707,Clc1ccc(-c2csc(N/N=C/CSc3ccccc3)n2)cc1
711,CHEMBL3329515,C/C(=N\Nc1nc(-c2ccc(C)cc2)cs1)c1ccccn1
712,CHEMBL4283566,CC(C)C[C@H](NC(=O)OC(C)(C)C)C(=O)N1CCC[C@@H]1C(=O)N1C(C(=O)OCc2ccccc2)C1C(=O)OCC1CCCCC1
713,CHEMBL4465398,Clc1ccc(-c2csc(N/N=C/CSc3ccccc3)n2)cc1Cl
714,CHEMBL4067684,Cl.Clc1ccc2[nH]c(CNCc3ccccc3)cc2c1
